Username,Handle,Timestamp,Content,Replies,Retweets,Likes,Hashtags,Mentions
Alvar,@Alvar363,17-11-2025 01:35,¬∑ | 1m | Replying to,@Alvar363,Just for fun  #nifty50 #Nifty,6,,
Biplab Das,@Biplab_Das_IND,17-11-2025 01:04,"¬∑ | 32m | #GoodNightX subha dekhenge  |  | #Nifty  | #Nifty50  | #StockMarket  | #OptionsTrading | Biplab Das | @Biplab_Das_IND | ¬∑ | Nov 15 | FIIs mildly increased both call and put longs, showing cautious positioning. |","PROs flipped bullish on calls and aggressively added put longs, signaling strong hedge buildup or volatility play.",2,85,"#GoodNightX, #Nifty, #Nifty50, #StockMarket, #OptionsTrading",@Biplab_Das_IND
Mark Russell Bell,@MarkRussellBel1,,Ad | Beloved John's scary or surprising YouTube & TikTok prank videos provide startling indications about essential paranormal / metaphysical / spiritual / cosmological truths about Earth life that commercial journalists and others may be afraid to acknowledge.  | metaphysicalarticles.org/2025/05/the-pa | ‚Ä¶ | NONCOMMERCIAL | From metaphysicalarticles.org,2,5,29K,,
Passionate Investor,@dang_investor,17-11-2025 00:26,¬∑ | 1h | Looks like an uptrend channel is forming on the chart,Will the structure hold?,Which stock do u think is this? #nifty #nifty50 #StocksToWatch  #stocks #stocksmarket #India,144,,
ùêáùêûùê•ùê≠ùê®ùêß ùêòùêì ùêìùê´ùêöùêùùêûùê´,@HELTON_YT1,16-11-2025 23:04,¬∑ | 2h |  Top 6 High-Probability Breakout  Set-ups  |  | 1-  Hindustan Zinc  | CMP = 487 |  | #StockMarket #Stocks #Nifty50 #NSE #IPO #Breakoutstocks #GMP #TradingTips #viral #Multibagger #Groww #Trending | 1,1,3,326,"#StockMarket, #Stocks, #Nifty50, #NSE, #IPO, #Breakoutstocks, #GMP, #TradingTips, #viral, #Multibagger, #Groww, #Trending",
Prince Tiwari (ptanalysis),@ptanalysis,16-11-2025 23:04,¬∑ | 2h | Replying to  | @ptanalysis,"Gift Nifty now 26,000+.",#Nifty #Nifty50 #GIFTNIFTY #NiftyBank,364,,@ptanalysis
iwannabecrorepati,@iwannabecr31589,16-11-2025 23:02,¬∑,2h,Since 2010 surpassing All Time High time period is decreasing while hitting new All Time High from previous high is increasing except this #BullRun  . #Nifty #Nifty50,275,,
fufaa.jii,@fufaajii,16-11-2025 23:01,"¬∑ | 2h | #StockMarket #Nifty50 #BiharElection2025 | Sohanjit Nayek | @NayekSo | ¬∑ | 2h | Thinking of starting a daily 10 PM market discussion where traders share their analysis ‚Äî purely knowledge sharing, no ‚Äútips & tricks.‚Äù Should we host this space? Your thoughts  |",#StockMarket #Nifty50 #TradingCommunity #investing #RetailTraders ,1,218,"#StockMarket, #Nifty50, #BiharElection2025",@NayekSo
Sohanjit Nayek,@NayekSo,16-11-2025 22:56,"¬∑ | 2h | Thinking of starting a daily 10 PM market discussion where traders share their analysis ‚Äî purely knowledge sharing, no ‚Äútips & tricks.‚Äù Should we host this space? Your thoughts  |  | #StockMarket #Nifty50 #TradingCommunity #investing #RetailTraders #FinanceChat",4,3,337,"#StockMarket, #Nifty50, #TradingCommunity, #investing, #RetailTraders, #FinanceChat",
Varun deckco,@Varundeckco,16-11-2025 22:54,¬∑,2h,Kal Nifty girega #Nifty50,150,,
Trading Zone,@prsablue,16-11-2025 22:46,"¬∑ | 2h | I love these kinds of setups |  | Missed this one,but I relentlessly look for setups like this |  | #YATRA |  | #nifty #nifty50 #sensex #stockmarket #banknifty #StocksToWatch #giftnifty #StocksInFocus #stocks #watchlist #investment | 1",1,6,490,"#YATRA, #nifty, #nifty50, #sensex, #stockmarket, #banknifty, #StocksToWatch, #giftnifty, #StocksInFocus, #stocks, #watchlist, #investment",
AP,@ashupayal25,16-11-2025 22:46,"¬∑ | 2h | Nifty 25910..!!  More upside pending.. Keep Trailing.. new ATH coming soon.. | #StockMarket | #Nifty50 #Banknifty #IndiaMarket | AP | @ashupayal25 | ¬∑ | Nov 8 |  BANG ON! Nifty kissed 25,318 (just 2 pts off my level) and reversed like a boss!","From 25,318 ‚Üí 25,565+, a clean 250-pt rally in one session!","That‚Äôs what chart strength looks like ‚Äî support held, bulls back in charge ",189,"#StockMarket, #Nifty50, #Banknifty, #IndiaMarket",@ashupayal25
VISHAL/ASHA ‚Äôs SWING TRADE,@vishalswing,16-11-2025 22:39,¬∑ | 2h | Nifty crucial breakout zone par stand-by mode me hai. Bas ek strong green candle ‚Äî aur uptrend confirmation locked. (Only for educational insight) |,#Nifty50 #TrendAnalysis #BreakoutWatch #PriceActionTrading #MarketInsights #VishalSwingTrade #EducationOnly,2,203,,
Sohanjit Nayek,@NayekSo,16-11-2025 22:36,¬∑ | 3h | Kal ka market dekhkar hi pata chalega ki weekend pizza hoga ya Maggi,,#StockMarket #Nifty50,135,,
Powerful Trade,@TradePowerful,16-11-2025 22:31,"¬∑ | 3h | Nifty's Detailed study is completed:  | #Nifty50 | #banknifty | #sensex |  | 1. Short term: #Nifty is bullish and may hit ath,  Resistance zone for this year 26400 to 26800. | 2. FIIs are holding shorts about 80% and more which means Nifty may not rally before giving them the exit. | 3. Now | Show more | Powerful Trade | @TradePowerful | ¬∑ | Nov 14 | This above view in Nifty is not worked and will study in detail and post by tomorrow.  |  | #Nifty x.com/tradepowerful/‚Ä¶",2,1,294,"#Nifty50, #banknifty, #sensex, #Nifty, #Nifty",@TradePowerful
Harsh Seth,@HarshDSeth,16-11-2025 22:04,¬∑ | 3h |  Hot Investment Call   |  | Godrej Agrovet Ltd.   |  | CMP Rs. 567 | Target Rs. 820   | Mid Term Investment   |  | #Nifty | #FarrhanaBhatt | #Nifty50  | #StockMarket  | #Stock  | #StockMarketIndia  | #StocksToWatch  | #BSE  | #NSE | #Sensex | 1,2,2,641,"#Nifty, #FarrhanaBhatt, #Nifty50, #StockMarket, #Stock, #StockMarketIndia, #StocksToWatch, #BSE, #NSE, #Sensex",
Sohanjit Nayek,@NayekSo,16-11-2025 22:04,"¬∑ | 3h | Replying to  | @kapildhama | Sach bolun toh trading ka asli game profit ka nahi, drawdown control ka hai. | 40% DD ek baar lag gaya toh account aapse zyada recover karne me struggle karta hai. | Small loss = cost of business. Big loss = end of business. |",#StockMarket #Nifty50,1,205,,@kapildhama
Stockhub22,@Stockhub22,16-11-2025 22:02,¬∑,3h,Updated levels of Panchak on Nifty 50 stocks..  #Nifty50 #JSWSteel #KotakBank #MahindraandMahindra #NestleIndia #Stockhub22 #Stockshub22 #StockmarketIndia #Stockeducation #Financialastrology,180,,
Sohanjit Nayek,@NayekSo,16-11-2025 22:02,"¬∑ | 3h | Nifty likely to open gap-up tomorrow ‚Äî backed by positive global cues and offshore futures, but strength looks weak. |",#StockMarket #Nifty50,1,219,,
Stockhub22,@Stockhub22,16-11-2025 21:59,¬∑,3h,Updated levels of Panchak on Nifty 50 stocks..  #Nifty50 #ITC #IndusindBank #ICICIBank #Infosys #Stockhub22 #Stockshub22 #StockmarketIndia #Stockeducation #Financialastrology,200,,
Hemraj Jeure,@iamhemu2231,16-11-2025 21:59,"¬∑ | 3h | Nifty looks steady, but not simple. |  | Chasing highs needs patience - chasing trades needs caution. |",This isn‚Äôt a ‚Äúbuy everything‚Äù market.,It‚Äôs a ‚Äúwait for confirmation and pick quality‚Äù market. #Nifty50 #MarketOpen,158,,
TRADE WITH AKSHAY,@AKSHAYS58846431,16-11-2025 21:57,¬∑ | 3h | Bears   |  | Ready ? |  | Sab Bullish Ho Gaye He Bihar Election Ke din  |  | Last 15/20 Ka Time Dekh Kar |  | Bears Red Car Nikal Dee he  |  | Kohram Machega Ab  |  | Just Wait And Watch  |  | Bulls   |  | #Nifty50  | #StockMarket  | #StockMarketIndia,#OptionsTrading,1,164,"#Nifty50, #StockMarket, #StockMarketIndia",
Sanjeev Gaur,@Sanjeev_DT,16-11-2025 21:42,¬∑ | 3h | Prem ki varsha prarambh ho gayi hai.  |  | Daily Updates at: | ift.tt/AcNLEmQ |,#Trading #Nifty50 #BTCUSD #Gold #Stocks,1,141,,
BeInCrypto,@beincrypto,,Ad | Explore how clear explanations make it easier to see what stands out.  |  | Learn more in our article. | From beincrypto.com | 11,33,400,3.5M,,
B CAUTIOUS,@thanRamaahtnihc,16-11-2025 21:04,¬∑ | 4h | What beauty  in the #Nifty50 chart llks All time high with 5to10%movement in #Nifty,DOYA BEFORE INVESTING ,GREAT THINGS A HEADS,207,"#Nifty50, #Nifty",
NiftyNerve,@NiftyNerve,16-11-2025 21:00,"¬∑ | 4h | Stop guessing and start trading with clarity |  | Nifty Nerve provides daily levels, market psychology insights, and real-time direction guidance for disciplined traders |  | Check it out  | t.me/NiftyNerve",,#Nifty #Sensex #Nifty50 #StockMarket #NiftyAnalysis #PriceAction #BankNifty,227,,
ProfitFC,@StockAnalysis4,16-11-2025 20:59,¬∑ | 4h | Where will Nifty50 close tomorrow? #Nifty50 #StockMarket #investing | Above 26000 | Below 25900 | Between 25900 and 26000 | 38 votes | ¬∑ | 19 hours left,1,2,188,"#Nifty50, #StockMarket, #investing",
RD8 Harmonic Trader,@RD804011875,16-11-2025 20:57,¬∑ | 4h | EURUSD (Forex)   |  | 1st TGT Achieved   |  | Harmonic Also Applicable to Forex,,"For TRADING TIPS , AUTO INDICATOR AND LEARNING Harmonics DM me.      #Nifty50 #DayTrading #Stock #GIFTNIFTY #StocksToBuy #Niftypsubank #NiftyMidcap100 #optiontrading #StocksToWatch #INTRADAY #NiftyBank",168,,
Harsh Seth,@HarshDSeth,16-11-2025 20:56,¬∑ | 4h |  Profit Call   |  | #Nifty | #FarrhanaBhatt | #Nifty50  | #StockMarket  | #Stock  | #StockMarketIndia  | #StocksToWatch  | #BSE  | #NSE | #Sensex | Harsh Seth | @HarshDSeth | ¬∑ | 4h |  Hot Trading Call   |  | Lupin Limited  |,CMP Rs. 2055,Target Rs. 2255 ,465,"#Nifty, #FarrhanaBhatt, #Nifty50, #StockMarket, #Stock, #StockMarketIndia, #StocksToWatch, #BSE, #NSE, #Sensex",@HarshDSeth
Harsh Seth,@HarshDSeth,16-11-2025 20:55,¬∑ | 4h |  Hot Trading Call   |  | Lupin Limited  |  | CMP Rs. 2055 | Target Rs. 2255   |  | #Nifty | #FarrhanaBhatt | #Nifty50  | #StockMarket  | #Stock  | #StockMarketIndia  | #StocksToWatch  | #BSE  | #NSE | #Sensex | 1,3,3,817,"#Nifty, #FarrhanaBhatt, #Nifty50, #StockMarket, #Stock, #StockMarketIndia, #StocksToWatch, #BSE, #NSE, #Sensex",
Gain Pro,@Narain_guru,16-11-2025 20:53,"¬∑ | 4h | Timing candle for November 17TH , 2025 | #Nifty50 11.30 AM       5 minutes   / candle HIGH LOW | #Banknifty 10.15 AM    10 minutes / candle HIGH LOW | #Finnifty 10.50 AM     5 minutes / candle HIGH LOW | #Sensex 9.50 AM     5 minutes / candle HIGH LOW",#Midcapselect 9.20 AM    5 minutes /,Show more,131,"#Nifty50, #Banknifty, #Finnifty, #Sensex",
RD8 Harmonic Trader,@RD804011875,16-11-2025 20:53,"¬∑ | 4h | DXY (Forex) |  | 1st Target Achieved |  | Harmonic Also Applicable to Forex  |  | For TRADING TIPS , AUTO INDICATOR AND LEARNING Harmonics DM me.         #Nifty50 #DayTrading #Stock #GIFTNIFTY #StocksToBuy #Niftypsubank #NiftyMidcap100 #optiontrading #StocksToWatch #INTRADAY #NiftyBank | RD8 Harmonic Trader | @RD804011875 | ¬∑ | Nov 6 | #DXY  US Dollar",Bearish Harmonic Reversal Formed. ,Harmonics Reversal Pattern. For Learning and Earning DM me.    #Q2Results #SwingTrading #StockMarket #StockMarketIndia #StocksToWatch #Nifty50 #Trump #zerodha #forex #ForexTrader  ,205,"#Nifty50, #DayTrading, #Stock, #GIFTNIFTY, #StocksToBuy, #Niftypsubank, #NiftyMidcap100, #optiontrading, #StocksToWatch, #INTRADAY, #NiftyBank, #DXY",@RD804011875
Harsh Seth,@HarshDSeth,16-11-2025 20:30,¬∑ | 5h |  Mumbai Update   |  | CNG supply to Mumbai affected by gas pipeline damage. Auto service and Taxi service badly affected   |  | #Nifty | #FarrhanaBhatt | #Nifty50  | #StockMarket  | #Stock  | #StockMarketIndia  | #StocksToWatch  | #BSE  | #NSE | #Sensex,3,2,443,"#Nifty, #FarrhanaBhatt, #Nifty50, #StockMarket, #Stock, #StockMarketIndia, #StocksToWatch, #BSE, #NSE, #Sensex",
Madhur ‚Çπaut,@MadhurRaut1,16-11-2025 20:28,¬∑ | 5h | Nifty long-term trendline intact,Near term support and resistance is marked #Nifty50 #StockMarket,Just awaiting MACD positive crossover on monthly charts,99,,
Bisarga :: BharatSolarEnergy.com,@BisargaOnline,16-11-2025 20:26,¬∑ | 5h | #Nifty opening prediction for tomorrow? How many points plus or minus?! #Nifty50 #Sensex #Banknifty | 25750 | 25980 | 26040 | 26060 | 104 votes | ¬∑ | 18 hours left,2,2,352,"#Nifty, #Nifty50, #Sensex, #Banknifty",
Harsh Seth,@HarshDSeth,16-11-2025 20:24,¬∑ | 5h |  Profit Call   | #Nifty | #FarrhanaBhatt | #Nifty50  | #StockMarket  | #Stock  | #StockMarketIndia  | #StocksToWatch  | #BSE  | #NSE | #Sensex | Harsh Seth | @HarshDSeth | ¬∑ | 5h |  Hot Trading Call   |  | Intellect Design Arena   |  | CMP Rs. 1089 | Target Rs. 1240,1,1,385,"#Nifty, #FarrhanaBhatt, #Nifty50, #StockMarket, #Stock, #StockMarketIndia, #StocksToWatch, #BSE, #NSE, #Sensex",@HarshDSeth
Harsh Seth,@HarshDSeth,16-11-2025 20:22,¬∑ | 5h |  Hot Trading Call   |  | Intellect Design Arena   |  | CMP Rs. 1089 | Target Rs. 1240   |  | #Nifty | #FarrhanaBhatt | #Nifty50  | #StockMarket  | #Stock  | #StockMarketIndia  | #StocksToWatch  | #BSE  | #NSE | #Sensex,2,2,768,"#Nifty, #FarrhanaBhatt, #Nifty50, #StockMarket, #Stock, #StockMarketIndia, #StocksToWatch, #BSE, #NSE, #Sensex",
Kumo,@KumO_IK,16-11-2025 20:20,¬∑ | 5h | Bitcoin/Short Swing/short/1%-1.5%,#Sensex #nifty50 #NiftyMidcap #TradingView #FinNifty #breakoutstocks #smallcap #zerodha #upstox #Investing #topgainer #breakout #groww‚ÄØ #Trading  #hdfcbank #giftnifty #multibagger #equity #Options #FuturesTrading,Tesla and 8 others,164,,
Akhil - The Nifty Oracle,@NiftyOracleAS,16-11-2025 20:16,¬∑ | 5h | Astro Insights for #Nifty ‚Äì 17th November 2025         |  | Disclaimer: This is not financial advice.  Please consult a SEBI-registered advisor before making any trading decisions.   |  | #Nifty50 #VedicAstrology #Astrology #NiftyOptions #Trading #NSE #BSE #StockMarket #Astro,1,5,344,"#Nifty, #Nifty50, #VedicAstrology, #Astrology, #NiftyOptions, #Trading, #NSE, #BSE, #StockMarket, #Astro",
Alpha,@tradelikealpha1,16-11-2025 19:38,"¬∑ | 5h | Nifty bounced strongly from 25,750‚Äì25,810 support and is now near the key 25,920‚Äì25,940 resistance. |  | Above 25,940 ‚Üí move toward 26,038‚Äì26,120. | Below 25,745 ‚Üí weakness toward 25,648‚Äì25,392. |",Rangebound market ‚Üí expect traps.,#nifty50 #nifty #trading #priceaction #marketanalysis,192,,
Neha Kulkarni,@NehaKul58624833,16-11-2025 19:36,¬∑ | 6h | #Banknifty #nifty50 #Sensex  #bankex #Finnifty #OptionsTrading #sharemarket #trading #Nifty #electionday2025 | #CNBCTV18Market | #GIFTNifty  |  Nifty and Bank Nifty Options | High accuracy Join my Telegram channel free tips and tricks,t.me/OptionTradingA,‚Ä¶,168,"#Banknifty, #nifty50, #Sensex, #bankex, #Finnifty, #OptionsTrading, #sharemarket, #trading, #Nifty, #electionday2025, #CNBCTV18Market, #GIFTNifty",
Mr.BearGangWala,@Manish__Verma11,16-11-2025 19:35,"¬∑ | 6h | Disagreement isn‚Äôt disrespectful. | Your rules, my rules ‚Äî both can work. |  | Everyone trades in their own style.  |  | In the end, the market doesn‚Äôt judge opinions‚Ä¶ | ‡§ï‡•ç‡§Ø‡•ã‡§Ç‡§ï‡§ø ‡§Ö‡§Ç‡§§ ‡§Æ‡•á‡§Ç ‡§™‡§∞‡§ø‡§£‡§æ‡§Æ ‡§π‡•Ä ‡§¶‡•á‡§ñ‡•á ‡§ú‡§æ‡§§‡•á ‡§π‡•à‡§Ç‡•§  |  | #TradingMindset #OptionSelling #Nifty50 #StockMarket #TradingCommunity",1,4,105,"#TradingMindset, #OptionSelling, #Nifty50, #StockMarket, #TradingCommunity",
Pushpendu Roy Karmakar,@puspendu789,16-11-2025 19:28,¬∑,6h,Nifty and banknifty prediction summary in one picture for 17th - 21st November. Important intraday levels + intraday reversal timings. #Nifty50 #NiftyBank #NiftyMidcap #NIFTYIT #StockMarket #StockMarketIndia #stockmarkets #Stocks #StockMarketNews #StocksToBuy #banknifty,132,,
The One,@theChoosenNeo,16-11-2025 19:26,¬∑,6h,Real fun gonna start from tomorrow.Welcome to reality.#Nifty50 #banknifty,108,,
RD8 Harmonic Trader,@RD804011875,16-11-2025 19:23,"¬∑ | 6h | if Anyone  Want to learn Harmonics and has Financial Issue then tell me I help you Without any Cost. |  | Anyone needs Videos ,Material, indicator at Little Cost or FREELY DM me |  | OFFER VALID TODAY only Till 11:59PM",,#Nifty50 #DayTrading  #GIFTNIFTY #StocksToBuy #Niftybank #Bitcoin,225,,
Devender Jangra,@idevenderjangra,16-11-2025 19:20,"¬∑ | 6h | Nifty Weekly Breakout  | Something big might be brewing.  | Nifty has triggered a powerful trendline breakout, opening the door for 16% upside. | Price action suggests a new bullish leg is on the way.",#Nifty #Nifty50  #BreakoutTrading #stockmarkets,1,197,,
Rahul Singh,@NiftyHedgerIN,16-11-2025 19:20,¬∑ | 6h |  The one edge most traders ignore ‚Äî Risk Discipline | Option Selling isn‚Äôt about bravery. It‚Äôs about emotional fitness. | It's is purely work on risk management  | #Nifty #Nifty50 #banknifty #OptionsTrading #Optionselling,#weekend,1,181,"#Nifty, #Nifty50, #banknifty, #OptionsTrading, #Optionselling",
Rushiraj,@RRP_TRADER_,16-11-2025 19:17,¬∑ | 6h | ‡§ï‡•ç‡§Ø‡§æ ‡§π‡§æ‡§≤ ‡§ö‡§≤ ‡§¶‡•ã‡§∏‡•ç‡§§‡•ã‡§Ç ‡§ï‡§≤ ‡§ï‡§æ ‡§ï‡•ç‡§Ø‡§æ ‡§∏‡•ã‡§ö‡§æ ‡§π‡•à ‡§´‡§ø‡§∞ ‡§®‡§ø‡§´‡•ç‡§ü‡•Ä ‡§Æ‡•á‡§Ç ‡§ó‡•ç‡§∞‡•Å‡§™ ‡§Æ‡•á‡§Ç ‡§ï‡•ç‡§≤‡§ø‡§Ø‡§∞ ‡§ï‡§∞ ‡§¶‡§ø‡§Ø‡§æ ‡§¶‡•á‡§ñ ‡§≤‡•ã ‡§Ö‡§ó‡§∞ ‡§∏‡§Æ‡§ù ‡§®‡§æ ‡§Ü‡§è ‡§§‡•ã ‡§µ‡§æ‡§π‡§æ ‡§µ‡•ç‡§π‡§æ‡§ü‡•ç‡§∏‡§è‡§™ ‡§®‡§Ç‡§¨‡§∞ ‡§≠‡•Ä ‡§Æ‡§∏‡§æ‡§ú ‡§ï‡§∞ ‡§≤‡•á‡§®‡§æ  | chat.whatsapp.com/HmpFgTwBCamEtS | ‚Ä¶ |,#Nifty50 ,#Nifty,146,,
RD8 Harmonic Trader,@RD804011875,16-11-2025 19:15,¬∑ | 6h | If anyone Want to ASK ME ANYTHING about HARMONIC REVERSAL PATTERN then msg me I am Online Now,,"For TRADING TIPS , AUTO INDICATOR AND LEARNING  DM me.  #Nifty50 #DayTrading #Stock #GIFTNIFTY #StocksToBuy #Niftypsubank #NiftyMidcap100 #optiontrading #StocksToWatch #NiftyBank",127,,
RD8 Harmonic Trader,@RD804011875,16-11-2025 19:13,¬∑ | 6h | Anyone Active Now Wanna chart Analysis based On harmonic Reversal Pattern Tell me I am Online Now,,"For TRADING TIPS , AUTO INDICATOR AND LEARNING  DM me.  #Nifty50 #DayTrading #Stock #GIFTNIFTY #StocksToBuy #Niftypsubank #NiftyMidcap100 #optiontrading #StocksToWatch #NiftyBank",143,,
Alpha,@tradelikealpha1,16-11-2025 19:13,"¬∑ | 6h | NIFTY Weekly Outlook  | Nifty remains stuck in a tight, volatile range. | Bullish above 26,040 ‚Üí 26,100/26,180 | Bearish below 25,750 ‚Üí 25,650/25,590 | Expect choppiness & fake breakouts.",Trade only with clear confirmation.,#nifty50 #nifty #marketupdate #trading #priceaction,161,,
Harsh Seth,@HarshDSeth,16-11-2025 18:47,¬∑ | 6h |  Good News for Retail Investors   | #Nifty | #FarrhanaBhatt | #Nifty50  | #StockMarket  | #Stock  | #StockMarketIndia  | #StocksToWatch  | #BSE  | #NSE | #Sensex | Harsh Seth | @HarshDSeth | ¬∑ | 6h |  SEBI Update   |  | SEBI wants to woo Retail Investors back to the Debt Market with Perks like Higher Interest Rates and discounts on Non-Convertible Debentures. This move could boost Participation.   | Show more,2,2,371,"#Nifty, #FarrhanaBhatt, #Nifty50, #StockMarket, #Stock, #StockMarketIndia, #StocksToWatch, #BSE, #NSE, #Sensex",@HarshDSeth
Harsh Seth,@HarshDSeth,16-11-2025 18:45,¬∑ | 6h |  SEBI Update   |  | SEBI wants to woo Retail Investors back to the Debt Market with Perks like Higher Interest Rates and discounts on Non-Convertible Debentures. This move could boost Participation.   |  | #Nifty | #FarrhanaBhatt | #Nifty50  | #StockMarket  | #Stock  | #StockMarketIndia | Show more,3,3,694,"#Nifty, #FarrhanaBhatt, #Nifty50, #StockMarket, #Stock, #StockMarketIndia",
Elliottwave Forecast,@ElliottForecast,16-11-2025 18:29,"¬∑ | 7h | #Nifty50 completed the correction  an rallied in  a 5 waves impulse. Next week, it can  see 25665 - 25479 area before reacting higher again. |  | Latest 1 Hour chart to members @  | elliottwave-forecast.com |  | #Elliottwave #Nifty #ES_F #Nasdaq #Indices #Trading | Elliottwave Forecast | @ElliottForecast | ¬∑ | 7h | #Nifty How we saw it in the last weekend update @  | elliottwave-forecast.com",,#Elliottwave #ES_F #Nasdaq #Indices #Trading,1K,"#Nifty50, #Elliottwave, #Nifty, #ES_F, #Nasdaq, #Indices, #Trading, #Nifty","@, @ElliottForecast, @"
ARIN TRADES,@arintradess,16-11-2025 18:26,¬∑ | 7h,#NIFTY50,2,475,,
Tanashvi,@tanashvi_In,16-11-2025 18:24,¬∑ | 7h | linkedin.com/pulse/making-p | ‚Ä¶  | @SBIMF |  @ICICIPruMF |  @hdfcmf |  @NipponIndiaMF |  #Nifty50,Making Peace With the Middle: Designing for Alpha During the Years That Feel Like Nothing,From linkedin.com,91,#Nifty50,"@SBIMF, @ICICIPruMF, @hdfcmf, @NipponIndiaMF"
Harsh Seth,@HarshDSeth,16-11-2025 18:03,"¬∑ | 7h |  US Exports Update   |  | #Nifty | #FarrhanaBhatt | #Nifty50  | #StockMarket  | #Stock  | #StockMarketIndia  | #StocksToWatch  | #BSE  | #NSE | #Sensex | Harsh Seth | @HarshDSeth | ¬∑ | 7h |  US Tariff Update   |  | US President Trump has reduced import duties on nearly 200 agricultural and food products, benefiting indian suppliers of Spices, Tea, and Processed Foods.    | Show more",1,1,377,"#Nifty, #FarrhanaBhatt, #Nifty50, #StockMarket, #Stock, #StockMarketIndia, #StocksToWatch, #BSE, #NSE, #Sensex",@HarshDSeth
NiftyNerve,@NiftyNerve,16-11-2025 18:03,"¬∑ | 7h | The market is supreme ‚Äî we follow, not predict. |  | Get live observations, trend insights, and weekly reflections that help you trade with discipline and patience. |  | Start here   | t.me/NiftyNerve |",#Nifty #Sensex #Nifty50 #StockMarket #NiftyAnalysis #PriceAction #BankNifty,1,186,,
Harsh Seth,@HarshDSeth,16-11-2025 17:49,"¬∑ | 7h |  Latest in Rich World   |  | #Nifty | #FarrhanaBhatt | #Nifty50  | #StockMarket  | #Stock  | #StockMarketIndia  | #StocksToWatch  | #BSE  | #NSE | #Sensex | Harsh Seth | @HarshDSeth | ¬∑ | 7h |  Health Alert   |  | Wealthy and Rich Individuals often go through profound emotional turmoil like panic, insomnia, and identity loss.  |  | So, Now, Meet Wealth Psychologists who help the Ultra-Rich deal with Money-Related Stress.  | Show more",1,1,367,"#Nifty, #FarrhanaBhatt, #Nifty50, #StockMarket, #Stock, #StockMarketIndia, #StocksToWatch, #BSE, #NSE, #Sensex",@HarshDSeth
Harsh Seth,@HarshDSeth,16-11-2025 17:47,"¬∑ | 7h |  Health Alert   |  | Wealthy and Rich Individuals often go through profound emotional turmoil like panic, insomnia, and identity loss.  |  | So, Now, Meet Wealth Psychologists who help the Ultra-Rich deal with Money-Related Stress.  |  | #Nifty | #FarrhanaBhatt | #Nifty50  | #StockMarket | Show more | 1",3,2,642,"#Nifty, #FarrhanaBhatt, #Nifty50, #StockMarket",
Rookie trader- I trade trend reversals,@2712marine,16-11-2025 17:41,"¬∑ | 7h | #Nifty #niftycrash #nifty50 #niftyoptions #Niftyoptions #niftypredictions |  | Higher high formation on the price. |  | I wonder why the same is not replicated on the RSI. |  | Not an expert, but it seems like participation is reducing. |  | ATH or not, I am much more comfortable sitting on cash",1,4,375,"#Nifty, #niftycrash, #nifty50, #niftyoptions, #Niftyoptions, #niftypredictions",
SwingWise,@SwingWiseFX,16-11-2025 17:37,¬∑ | 8h | Outlook for week ending 14 Nov will be dropping at 7PM. | My personal watchlist shared 2 weeks ago has given stellar performance with one company(RPEL) giving returns 25%++ when #Nifty50 has stayed at same levels. |  | Like and retweet max if you want the watchlist for this week too! | Show more | SwingWise | @SwingWiseFX | ¬∑ | Nov 6 | #Nifty50 sustained below 25900 and the short watchlist from our Weekly Outlook gave bumper results in just 3 days. | Here's how we did: |  | Maruti down 4.5% | HeroMoto down 4% | OFSS down 3.5% | Havells down 3.5% | TvsMotors down 2% (Still holding) | And others down 1%+ |  | Want such curated  | Show more | 2,2,6,368,"#Nifty50, #Nifty50",@SwingWiseFX
Divu Trader,@Divu11221,16-11-2025 17:33,"¬∑ | 8h | #BERGEPAINT | Berger Paints India Ltd | Market Cap‚Çπ 67,569 Cr | CMP : 580 | 52 wekks high 605 | Sector : Paints",,#Nifty50 #StocksToWatch #StocksToBuy #StocksToTrade #stocksinnews #Breakoutstocks #stocksinnews #chart_sab_kuch_bolta_hai,123,#BERGEPAINT,
Sai virat,@Saivira11224791,16-11-2025 17:25,¬∑ | 8h | Monday market view #ùó°ùóúùóôùóßùó¨ #GIFTNIFTY #Nifty50 #StockMarketIndia | Gap up 100+ | Flat -50 to +100 | Gap down -100+ | 104 votes,¬∑,15 hours left,270,"#ùó°ùóúùóôùóßùó¨, #GIFTNIFTY, #Nifty50, #StockMarketIndia",
Breakout/Reversal Charts,@Breakoutrade94,16-11-2025 17:19,"¬∑ | 8h | #Nifty50 | Weekly chart analysis  | Nifty is right at the major falling trendline. | No clean breakout yet ‚Äî 25,900‚Äì26,000 is tough resistance. |  | Levels to watch: | ‚Ä¢ 26,050+ weekly close = clear breakout | ‚Ä¢ Below 25,600 = weakness |  | Telegram  | t.me/Breakout_chart | ‚Ä¶",1,29,3.3K,#Nifty50,
Bull*Bear,@bullbearpremium,16-11-2025 16:59,¬∑ | 8h |  BSE STOCK  |  | READY TO BOOM | BREAKOUT WITH VOLUME | NEW ALL TIME HIGH IS COMING |  | TARGET&STOP LOSS ARE SHARED IN TELEGRAM GROUP |    | t.me/Biigbull09 |,#Nifty50,#bombaystock #BSE #NSE #NSDL #StockMarket #stockmarketsindia #stockexchange #sensex #banknifty,202,,
HOLDisGOLD,@iShreyas_9120,16-11-2025 16:50,"¬∑ | 8h | Only Analysis, no BUY/SELL  | #Nifty50 #BankNifty #sensex | Weekly Analysis & Levels",,#Nifty #OptionsTrading #optionbuying #Optionselling #StockMarket #DowJones #Trump #NASDAQ100 #NSE #BSE #Bitcoin #StockMarketIndia #sensex #GIFTNIFTY #Election2025 #BiharElection2025,224,"#Nifty50, #BankNifty, #sensex",
SHASHANK,@shashankera,16-11-2025 16:41,"¬∑ | 8h | This is the dark reality of Indian investors , made ‚Çπ3,916 P&L, but high Taxes wiped out over 60% |  | Excessive levies deter FIIs & DIIs, creating an Economic Imbalance and loss of trust in Indian markets !  | @FinMinIndia |  @nsitharaman |  @NSEIndia |  #StockMarket #StocksToBuy #Nifty50 | Hridaynath Patil | @patil_80008 | ¬∑ | 23h | High taxes on equity & F&O are hurting Indian traders and reducing market participation |  | Even Forex is cheaper!",1,1,213,"#StockMarket, #StocksToBuy, #Nifty50","@FinMinIndia, @nsitharaman, @NSEIndia, @patil_80008"
Ayush,@Ayush_insights,16-11-2025 16:18,¬∑ | 9h | More Joinings Today  | JOIN now at  | t.me/ayush_insights |  | TRADE WITH AYUSH | EXPERIENCE CONSISTENCY ACCURACY   |  | #Nifty50 #COMMODITY #StockMarket #TradingSecrets | Ayush | @Ayush_insights | ¬∑ | 9h | More Joining this week  |  | JOIN now at  | t.me/ayush_insights,BROADCAST - CASH EQUITY ONLY,BROADCAST- #CRUDEOIL #GOLD #SILVER     BROADCAST- ,144,"#Nifty50, #COMMODITY, #StockMarket, #TradingSecrets",@Ayush_insights
Research RKS,@researchrks,16-11-2025 16:17,"¬∑ | 9h | Data reveals everything, when interpreted the right way. i.e. #Nifty50    |  | Next W - will be decide tomorrow  | Current W- strong bullish  | Previous W-weak bearish  | Post Previous W-strong bearish  |  | #Nifty #PriceAction Data  #StockMarket #OptionsTrading #Stock | Research RKS | @researchrks | ¬∑ | 9h | #Nifty50  probability to up-lift for this week as projected range.   |  | #Nifty #StockMarket #Nifty50 #OptionsTrading #stocks | 1",1,2,879,"#Nifty50, #Nifty, #PriceAction, #StockMarket, #OptionsTrading, #Stock, #Nifty50, #Nifty, #StockMarket, #Nifty50, #OptionsTrading, #stocks",@researchrks
B_vikram,@boranavikram0,16-11-2025 16:08,¬∑ | 9h | #Nifty50,#Trading,#Tradinglevels,95,#Nifty50,
VOLCANO,@Udayaku08151754,16-11-2025 14:59,"¬∑ | 10h | HCLTECH FURURE: |  | BUY 1610 | SL 1570 | TARGET 1640, 1675 AND 1710+++ |  | #Nifty50  | #Nifty  | #NiftyMidcap100  | #Niftypsubank  | #NIFTYSMALLCAP100 | VOLCANO | @Udayaku08151754 | ¬∑ | 12h | Monday How many points?",Show this poll,1,232,"#Nifty50, #Nifty, #NiftyMidcap100, #Niftypsubank, #NIFTYSMALLCAP100",@Udayaku08151754
RD8 Harmonic Trader,@RD804011875,16-11-2025 14:58,¬∑ | 10h | #Policybazaar           |  | Bullish Pattern Formed             |  | RR 1:2    |,"For TRADING TIPS , AUTO INDICATOR AND LEARNING Harmonics DM me.       ", #Nifty50 #DayTrading #Stock #GIFTNIFTY #StocksToBuy #Niftypsubank #NiftyMidcap100 #optiontrading #StocksToWatch #INTRADAY #NiftyBank,130,#Policybazaar,
Harsh Seth,@HarshDSeth,16-11-2025 14:56,"¬∑ | 10h |  Health Alert   |  | #Nifty | #FarrhanaBhatt | #Nifty50  | #StockMarket  | #Stock  | #StockMarketIndia  | #StocksToWatch  | #BSE  | #NSE | #Sensex | Harsh Seth | @HarshDSeth | ¬∑ | 10h |  Health Alert   |  | New Survey and Research found that India is experiencing an alarming rise in temperature, Pressing a More Challenging Every Day Life for Outdoor Workers. Impact is Two-fold - Diminished Income and Escalation in Health Issues.  | Show more",1,2,391,"#Nifty, #FarrhanaBhatt, #Nifty50, #StockMarket, #Stock, #StockMarketIndia, #StocksToWatch, #BSE, #NSE, #Sensex",@HarshDSeth
RD8 Harmonic Trader,@RD804011875,16-11-2025 14:53,¬∑ | 10h | #Glenmark              |  | Bearish Pattern Formed            | RR 1:2,"For TRADING TIPS , AUTO INDICATOR AND LEARNING Harmonics DM me.        #Nifty50 #Trump #DayTrading #Stock #GIFTNIFTY #StocksToBuy #Niftypsubank #NiftyMidcap100 #optiontrading #StocksToWatch #INTRADAY #NiftyBank",2,504,#Glenmark,
Mota Bhai - Chart is King (NISM Certified),@ASR_Official1,16-11-2025 14:50,¬∑ | 10h | Announcement: Tomorrow is the Last day to apply in India's growth story!!! |  | FREE SIGN UP:  | a.aonelink.in/ANGOne/aaCSWxL,,#Nifty50 #StockMarketIndia #GDPgrowth #BiharElection2025 #MutualFund #indiagrowthstory #Delhi #gurgaon #Mumbai #chennai #ahembdabad #Surat #Pune #Noida,171,,
RD8 Harmonic Trader,@RD804011875,16-11-2025 14:49,¬∑ | 10h | #Bharatforge             | Bearish Pattern Formed,RR 1:3   ,"For TRADING TIPS , AUTO INDICATOR AND LEARNING Harmonics DM me.          #Nifty50 #Trump #DayTrading #Stock #GIFTNIFTY #StocksToBuy #Niftypsubank #NiftyMidcap100 #optiontrading #StocksToWatch #INTRADAY #NiftyBank",140,#Bharatforge,
CA Rahul Kumar Jain,@carahuljain93,16-11-2025 14:49,"¬∑ | 10h | #vodafoneidea 10.94 |  | This guy has broken out of the consolidation with good volumes, time for some momemntum here. |  | #Nifty #Nifty50 #Niftypsubank #NiftyMidcap100 #NIFTYSMALLCAP100 #Breakoutstocks #Breakoutstock #TradingView #StockMarket #StockMarketIndia #stockmarketsindia",4,9,698,"#vodafoneidea, #Nifty, #Nifty50, #Niftypsubank, #NiftyMidcap100, #NIFTYSMALLCAP100, #Breakoutstocks, #Breakoutstock, #TradingView, #StockMarket, #StockMarketIndia, #stockmarketsindia",
Trading Zone,@prsablue,16-11-2025 14:19,¬∑ | 11h | #THYROCARE |  | CUP & HANDLE  |  | #nifty #nifty50 #sensex #stockmarket #banknifty #StocksToWatch #giftnifty #StocksInFocus #stocks #watchlist #investment | Trading Zone | @prsablue | ¬∑ | Nov 13 | #THYROCARE |  | From yesterday's newsletter video |  | #nifty #nifty50 #sensex #stockmarket #banknifty,1,1,387,"#THYROCARE, #nifty, #nifty50, #sensex, #stockmarket, #banknifty, #StocksToWatch, #giftnifty, #StocksInFocus, #stocks, #watchlist, #investment, #THYROCARE, #nifty, #nifty50, #sensex, #stockmarket, #banknifty",@prsablue
Biplab Das,@Biplab_Das_IND,16-11-2025 14:18,¬∑ | 11h | A gentle reminder - Raat ko 9 baje Live session hoga Index open interest analysis ke upad  |  | #Nifty  | #Nifty50  | #StockMarket  | #OptionsTrading | youtube.com | Index OI Data Analysis: Decode FII-DII Positions & Predict Tomorrow‚Äôs... |  Live Stream Topic: Index OI Data Analysis: Decode FII-DII Positions & Predict Tomorrow‚Äôs Market Move Like a Pro! Join us for a deep dive into participant-...,1,2,528,"#Nifty, #Nifty50, #StockMarket, #OptionsTrading",
RD8 Harmonic Trader,@RD804011875,16-11-2025 14:16,¬∑ | 11h | PHOENIX             | Bullish Pattern Formed   | RR 1:4,"For TRADING TIPS , INDICATOR/AUTO SIGNAL, LEARNING Harmonics DM me.           ",#Nifty50 #Trump #DayTrading #Stock #GIFTNIFTY #StocksToBuy #Niftypsubank #NiftyMidcap100 #optiontrading #StocksToWatch #INTRADAY #NiftyBank,102,,
RD8 Harmonic Trader,@RD804011875,16-11-2025 14:13,¬∑ | 11h | JIOFIN            | Bearish Harmonic Pattern Formed,RR 1:4   ,"For TRADING TIPS , INDICATOR/AUTO SIGNAL, LEARNING Harmonics DM me.           #Nifty50 #Trump #DayTrading #Stock #GIFTNIFTY #StocksToBuy #Niftypsubank #NiftyMidcap100 #optiontrading #StocksToWatch #INTRADAY #NiftyBank",150,,
RD8 Harmonic Trader,@RD804011875,16-11-2025 14:07,¬∑ | 11h | JIOFIN          |  | Bearish Harmonic Pattern Formed | RR 1:4,"For TRADING TIPS , INDICATOR/AUTO SIGNAL, LEARNING Harmonics DM me.            ",#Nifty50 #Trump #DayTrading #Stock #GIFTNIFTY #StocksToBuy #Niftypsubank #NiftyMidcap100 #optiontrading #StocksToWatch #INTRADAY #NiftyBank,139,,
Faizan,@TheFaizanTrader,16-11-2025 14:05,¬∑ | 11h | #Nifty50 #StockMarket #IndianStockMarket |  | Monday Nifty Kaisa Rahega  | RED | GREEN | 61 votes,¬∑,12 hours left,230,"#Nifty50, #StockMarket, #IndianStockMarket",
RD8 Harmonic Trader,@RD804011875,16-11-2025 13:59,"¬∑ | 11h | SBIN        |  | Bearish Harmonic Pattern Formed. |  | RR 1:3 |  | For TRADING TIPS , INDICATOR/AUTO SIGNAL, LEARNING Harmonics DM me.",,#Nifty50 #Trump #DayTrading #Stock #GIFTNIFTY #StocksToBuy #Niftypsubank #NiftyMidcap100 #optiontrading #StocksToWatch #INTRADAY #NiftyBank,132,,
Harsh Seth,@HarshDSeth,16-11-2025 13:47,¬∑ | 11h |  Aircrafts manufacturing in India   | #Nifty | #FarrhanaBhatt | #Nifty50  | #StockMarket  | #Stock  | #StockMarketIndia  | #StocksToWatch  | #BSE  | #NSE | #Sensex | Harsh Seth | @HarshDSeth | ¬∑ | 11h |  News Update   |  | India's Hindustan Aeronautics Limited is joining forces with Russia's United Aircraft Corporation to Manufacture SJ-100 regional aircraft in India. | 1,1,1,401,"#Nifty, #FarrhanaBhatt, #Nifty50, #StockMarket, #Stock, #StockMarketIndia, #StocksToWatch, #BSE, #NSE, #Sensex",@HarshDSeth
Harsh Seth,@HarshDSeth,16-11-2025 13:46,¬∑ | 11h |  News Update   |  | India's Hindustan Aeronautics Limited is joining forces with Russia's United Aircraft Corporation to Manufacture SJ-100 regional aircraft in India. |  | #Nifty | #FarrhanaBhatt | #Nifty50  | #StockMarket  | #Stock  | #StockMarketIndia  | #StocksToWatch  | #BSE  | #NSE | #Sensex,2,2,754,"#Nifty, #FarrhanaBhatt, #Nifty50, #StockMarket, #Stock, #StockMarketIndia, #StocksToWatch, #BSE, #NSE, #Sensex",
Option ICONS,@jay_jaykrishna,16-11-2025 13:30,¬∑ | 12h | youtu.be/RXqM8BNQxUc?si,‚Ä¶ #Crypto #Nifty50 #trendingpost #OptionsTrading,1,71,,
RD8 Harmonic Trader,@RD804011875,16-11-2025 13:30,"¬∑ | 12h | SBIN      |  | Bearish Harmonic Pattern Formed  |  | RR 1:5          |  | For TRADING TIPS , INDICATOR/AUTO SIGNAL, LEARNING Harmonics DM me.         |",#Nifty50 #Trump #DayTrading #Stock #GIFTNIFTY #StocksToBuy #Niftypsubank #NiftyMidcap100 #optiontrading #StocksToWatch #INTRADAY #NiftyBank,1,218,,
KIND-HEART...,@ParinSh75642240,16-11-2025 13:29,¬∑ | 12h | #Nifty #nifty50  #banknifty #INTRADAY #intradaytrading #StockMarket | #StockToWatch #StocksInFocus,Dynamatic tech... what a short term returns... check pin profile...,Always stay ahead... check my profile time to time... you will never repent,164,"#Nifty, #nifty50, #banknifty, #INTRADAY, #intradaytrading, #StockMarket, #StockToWatch, #StocksInFocus",
Mahendra Zala,@Emperor____18,16-11-2025 13:27,¬∑ | 12h |  I‚Äôve officially started my STOCK MARKET Telegram Channel! |  | If you‚Äôre into |  NIFTY / BANK NIFTY |  Price Action |  Option Buying |  Daily Market Insights |  | Then this is the place for you. | Join the community & level up your trading journey. |  |  Link in bio | #StockMarket #Nifty50,1,2,205,"#StockMarket, #Nifty50",
Ankur Singh,@AnalysisTh24665,16-11-2025 13:16,"¬∑ | 12h | Date 16.11.2025 | Nifty Spot  | Timeframe : Weekly  | Cmp 25910 |  | (1) As per the harmonics nifty top should be around 27269 |  | (2) A 1641 points from here, upside  |  | Lets see... |",#nifty50 #banknifty #giftnifty #sensex #stockmarketindia #gold #silver #crudeoil #nft #cryptomarket #bitcoin,1,249,,
RD8 Harmonic Trader,@RD804011875,16-11-2025 13:03,¬∑ | 12h | ETERNAL      |  | Bearish Harmonic Pattern Formed | RR 1:4        |,"For TRADING TIPS , INDICATOR/AUTO SIGNAL, LEARNING Harmonics DM me.        #Nifty50 #Trump #DayTrading #Stock #GIFTNIFTY #StocksToBuy #Niftypsubank #NiftyMidcap100 #optiontrading  #StocksToWatch #INTRADAY #NiftyBank",2,211,,
Quant Of Dalal Street,@IndianQuantDev,16-11-2025 12:58,"¬∑ | 12h | #Nifty 5-yr returns breakdown: Nominal 82.93% | Money printing 54.52% | Real productivity 3.72% | Rupee depreciation benefit 9.93% | Inflation -24.69% | Real return 13.64%. Annualized: nominal 12.8%, real 2.6%. Rupee depreciated 19.85% vs USD. Interesting!!",#Quant #Nifty50,1,242,#Nifty,
ADS,@AgenticKode,16-11-2025 12:49,¬∑ | 12h | The stock market is all about time-consuming analysis and quick execution afterwards.,,#StockMarket #Nifty50 #GIFTNIFTY,189,,
Harsh Seth,@HarshDSeth,16-11-2025 12:43,¬∑ | 12h |  Intraday Trading Call for Tomorrow   |  | #Nifty | #FarrhanaBhatt | #Nifty50  | #StockMarket  | #Stock  | #StockMarketIndia  | #StocksToWatch  | #BSE  | #NSE | #Sensex | Harsh Seth | @HarshDSeth | ¬∑ | 12h |   Intraday Trading Call  |  | IndusInd Bank Ltd. |  | CMP Rs. 848 | Target Rs. 852,1,1,530,"#Nifty, #FarrhanaBhatt, #Nifty50, #StockMarket, #Stock, #StockMarketIndia, #StocksToWatch, #BSE, #NSE, #Sensex",@HarshDSeth
RD8 Harmonic Trader,@RD804011875,16-11-2025 12:32,"¬∑ | 13h | JUBLFOOD  |  | RR 1:4    |  | For TRADING TIPS , INDICATOR/AUTO SIGNAL, LEARNING Harmonics DM me.     |",#Nifty50 #Trump #DayTrading #Groww #Stock #GIFTNIFTY #StocksToBuy #Niftypsubank #NiftyMidcap100  #optiontrading #optionbuying #StocksToWatch #INTRADAY #NiftyBank #BiharElection2025,2,233,,
Ankur Singh,@AnalysisTh24665,16-11-2025 12:25,¬∑ | 13h | Date 16.11.2025 | Nifty Futures | Timeframe : Weekly Chart,,#nifty50 #giftnifty #sensex #banknifty #stockmarketindia #gold #silver,236,,
Anubhav Talwar,@AnubhavTalwar,16-11-2025 12:16,¬∑ | 13h | Replying to  | @AnubhavTalwar |  Final Takeaway | If you‚Äôre buying Calls near S3 with 3 days to expiry: |  Always convert to a Bull Call Spread |  Buy ATM CE |  Sell CE near R3 |  SL at S4 | Smart hedge ‚Üí Steady profits ‚Üí Controlled risk. | #Trading #Nifty50 #Optiontrading,1,7,198,"#Trading, #Nifty50, #Optiontrading",@AnubhavTalwar
SickInvestor,@akarsh8127169,16-11-2025 12:15,"¬∑ | 13h | Debt can accelerate growth or crash it. |  | Think of it as Red Bull for companies  | one too many, and they start shaking.",,#StockMarketIndia #Nifty50 #trading #investing,106,,
Pk Chaudhary X,@pktradeinn05,16-11-2025 12:06,¬∑ | 13h | Replying to,@pktradeinn05,#Nifty50 #Niftypsubank,104,,
NiftyNerve,@NiftyNerve,16-11-2025 12:06,"¬∑ | 13h | Markets can be unpredictable, but a structured approach changes everything. |  | Follow real-time analysis and actionable insights on Nifty Nerve to trade with confidence. |  | Stay ahead  | t.me/NiftyNerve",,#Nifty #Sensex #Nifty50 #StockMarket #NiftyAnalysis #PriceAction #BankNifty,141,,
jayesh bodana,@jay64199,16-11-2025 12:03,¬∑ | 13h | #StockMarketIndia #StockMarkets #Nifty50 #sensex #ElectionUpdate #BiharElection2025 #positiveopening  |  | Any body gauses how market positive on Monday trading session,Groww and 2 others,1,91,"#StockMarketIndia, #StockMarkets, #Nifty50, #sensex, #ElectionUpdate, #BiharElection2025, #positiveopening",
Keshav Soni,@keshavsoni95,16-11-2025 11:53,"¬∑ | 13h | #pateleng  |  | CMP - 35.9 |  | This company has given a lot of pain to a lot of investors.  |  | But, but, but, it is about to turn around very soon. |  | Clean wave count as shown with bullish divergence on weekly charts. |  | Time to take pateleng to 74 and then 112 very soon. |  | #Nifty50 | Show more | Umang Bhavsar | @umangbhavsar31 | ¬∑ | 15h | Replying to @keshavsoni95 | Patel eng (stuck) | 2",1,7,865,"#pateleng, #Nifty50","@umangbhavsar31, @keshavsoni95"
Milind Prabhu,@mildprabhu2021,16-11-2025 11:45,"¬∑ | 13h | Nifty | Tomorrow Prediction | 17th November 2025 | | #Nifty | #Nifty50 | #niftyoption | #niftyfuture | #niftycrash | #niftyrally | #INTRADAY | #intradaytrading | #viral | #viralvideo | youtube.com | Nifty |Tomorrow Prediction| 17th November 2025 | #nifty #trading... | Nifty || Prediction || 17th November 2025 || @StockMarketDreamers.Milind.P #intraday #options #trading #jackpot Hey , This is Milind Prabhu From @StockMarke...",1,1,446,"#Nifty, #Nifty50, #niftyoption, #niftyfuture, #niftycrash, #niftyrally, #INTRADAY, #intradaytrading, #viral, #viralvideo, #nifty, #trading..., #intraday, #options, #trading, #jackpot","@StockMarketDreamers.Milind.P, @StockMarke..."
Akhil Munti,@AkhilMunti,16-11-2025 11:14,"¬∑ | 14h | The Nifty Rally: Political Cheer vs. Global Fear!  |  | The Nifty closed the week strong above 25,900, largely due to the NDA's Bihar win. Question: Will this political certainty sustain the rally, or is the market due for a correction this week?",,#StockMarket #Nifty50 #Investing,125,,
Harsh Seth,@HarshDSeth,16-11-2025 11:14,¬∑ | 14h |  Profit Call   |  | Mankind Pharma Ltd. |  | CMP Rs. 2267 | Target Rs. 2330 |  | It has crossed the resistance level of 2267 in multiple times in the last 2 days. | Look at the Chart   |  | #Nifty | #FarrhanaBhatt | #Nifty50  | #StockMarket  | #Stock  | #StockMarketIndia  | #StocksToWatch  | #BSE  | #NSE | Show more,3,2,616,"#Nifty, #FarrhanaBhatt, #Nifty50, #StockMarket, #Stock, #StockMarketIndia, #StocksToWatch, #BSE, #NSE",
StockMarketNews,@stock_news_m,16-11-2025 11:14,¬∑ | 14h | Tomorrow sure shot 690 points gap up opening. |  | Rip Bears    |,#Nifty50,1,84,,
Jaimik,@jaimik2424,16-11-2025 10:38,¬∑ | 14h | I was analyzing few stocks and looks decent to me for 30-50% returns in short to mid term. |  | Bhagyanagar Industries - Copper turnaround story  | Retaggio Industries - Available at Dirt Cheap  | Novelix Pharma - Going to manufacture Astaxanthin (Trending Drug) | No buy/sell Reco | #nifty50,1,2,341,#nifty50,
Madhav,@DocmadhavhegdeY,16-11-2025 10:32,¬∑ | 15h | Weekly Losers!,#StockMarket #StockMarketIndia #Nifty50 ,#OlaElectric #fortis #sobha #Sapphire,118,,
Rithik,@Rithikjain_24,16-11-2025 10:15,"¬∑ | 15h | #Nifty50 after that october green candle all thought nifty heading to mighty 1000 points rally. | From there nifty fall at least 700 points and touched 25,333  | Now same shit again seeing this weekly green candle again some influencer anchors analyst screaming 27,000-30,000. | Be safe",Show more,2,221,#Nifty50,
hitesh Jethwa,@h4hitman90,16-11-2025 10:13,¬∑ | 15h | My point of view on nifty...30000 | However there would be many dips way up..but the direction is pretty much sorted out..,#Nifty50,1,174,,
Raman Iyer,@iyerraman75,16-11-2025 10:13,¬∑ | 15h | ORGANISED LOOT: | MOUTH WATERING DEAL: RUSSIAN OIL -$60 | NOW: ONGC,"RIL SAY ""Gas come on its own""",#Nifty50,126,,
Mr Singh,@DeepakK12121,16-11-2025 10:01,¬∑ | 15h | When Nifty50 will  make ATH. |  | #Nifty50 #BiharElection2025 #NarendraModi #DonaldTrump #tradedeal #USA #Varanasi | November 2025 | December 2025 | Next year | 24 votes,¬∑,6 days left,118,"#Nifty50, #BiharElection2025, #NarendraModi, #DonaldTrump, #tradedeal, #USA, #Varanasi",
Harsh Seth,@HarshDSeth,16-11-2025 08:49,¬∑ | 16h |  Profit Call   |  | #Nifty | #FarrhanaBhatt | #Nifty50  | #StockMarket  | #Stock  | #StockMarketIndia  | #StocksToWatch  | #BSE  | #NSE | #Sensex | Harsh Seth | @HarshDSeth | ¬∑ | 16h |  Trading Call for Tomorrow   |  | FACT Ltd. |  | CMP Rs. 914 | Target Rs. 940/960 | Look at the last One Month Chart,1,1,363,"#Nifty, #FarrhanaBhatt, #Nifty50, #StockMarket, #Stock, #StockMarketIndia, #StocksToWatch, #BSE, #NSE, #Sensex",@HarshDSeth
LocationReviewX,@LocationReviewX,16-11-2025 08:48,"¬∑ | 16h |  #Nifty's strong uptrend signals steady market momentum, anticipating a potential fresh breakout. |  Mutual funds favored stocks outside the #Nifty50 in October 2025, diversifying investment strategies. |  Kotak Mahindra AMC suggests India remains a long-term growth story, | Show more | locationreviewx.com | MapNews by LocationReviewX | AI-Powered Location-Based News","MapNews lets you discover the latest headlines mapped to where they happen. Search news by topic, location, or trend, and explore stories visually on an AI-powered interactive map",1,186,"#Nifty's, #Nifty50",
PJV FINANCIAL,@Punit4156,16-11-2025 08:47,"¬∑ | 16h |  Pjv Financial ‚Äì Weekly Derivatives Outlook | (17th Nov ‚Äì 21st Nov 2025) | | | #NIFTY50  FUT ‚Äì 25,951.4 |  Support: 25,690 / 25,428 |  Resistance: 26,184 / 26,301 |  Consolidation seen; index above key WEMA levels",|,"#NIFTYBANK  FUT ‚Äì 58,644... #frontpage_app",126,#NIFTY50,
Harsh Seth,@HarshDSeth,16-11-2025 08:47,¬∑ | 16h |  Trading Call for Tomorrow   |  | FACT Ltd. |  | CMP Rs. 914 | Target Rs. 940/960 | Look at the last One Month Chart  It has crossed resistance of 911. Bound to Rise   |  | #Nifty | #FarrhanaBhatt | #Nifty50  | #StockMarket  | #Stock  | #StockMarketIndia  | #StocksToWatch  | #BSE  | #NSE | #Sensex,2,1,771,"#Nifty, #FarrhanaBhatt, #Nifty50, #StockMarket, #Stock, #StockMarketIndia, #StocksToWatch, #BSE, #NSE, #Sensex",
Decoded,@Decoded0001,16-11-2025 08:29,¬∑ | 17h | Defence sector is ready  |  | #Nifty50  | #StockMarket,#Defence,1,271,"#Nifty50, #StockMarket",
Harsh Seth,@HarshDSeth,16-11-2025 08:13,¬∑ | 17h | Good Morning Investors and Traders   |  | Have a Great Sunday   |  | Tomorrow is Our Profit Marking Day   |  | #Nifty | #FarrhanaBhatt | #Nifty50  | #StockMarket  | #Stock  | #StockMarketIndia  | #StocksToWatch  | #BSE  | #NSE | #Sensex,3,2,432,"#Nifty, #FarrhanaBhatt, #Nifty50, #StockMarket, #Stock, #StockMarketIndia, #StocksToWatch, #BSE, #NSE, #Sensex",
Trading Zone,@prsablue,16-11-2025 08:11,"¬∑ | 17h | ""Bull markets are strongest when they are broad and weakest when they narrow to a handful of blue chip names"" |  | #nifty #nifty50 #sensex #stockmarket #banknifty #StocksToWatch #giftnifty #StocksInFocus #stocks #watchlist #investment",1,3,431,"#nifty, #nifty50, #sensex, #stockmarket, #banknifty, #StocksToWatch, #giftnifty, #StocksInFocus, #stocks, #watchlist, #investment",
Ms,@Manish_Raj79,16-11-2025 07:41,¬∑ | 17h | Please don't spread my option skills.  | #Nifty50 #Nifty #BiharElection2025 | Piyush Chaudhry | @piyushchaudhry | ¬∑ | Nov 15 | Meet .. Option Buyer,1,3,1.1K,"#Nifty50, #Nifty, #BiharElection2025",@piyushchaudhry
Baahubali,@baahubali456,16-11-2025 07:28,¬∑ | 18h | Nifty at 23.8x P/E isn‚Äôt expensive. | Midcaps at 40x & smallcaps at 50x+ are.,Stick to quality. Keep SIP running.,#Nifty50 #InvestingIndia #StockMarketIndia #LongTermInvesting #WealthCreation #SIP,108,,
Fno charts,@fnocharts,16-11-2025 07:19,¬∑ | 18h | Good Morning #Everyone |,#Nifty50 #GIFTNIFTY,7,1.4K,#Everyone,
Baahubali,@baahubali456,16-11-2025 07:17,¬∑ | 18h | 20 ‡§∏‡§æ‡§≤ ‡§™‡§π‡§≤‡•á ‚Çπ1 ‡§≤‡§æ‡§ñ ‡§°‡§æ‡§≤‡§æ ‡§π‡•ã‡§§‡§æ Nifty 50 ‡§Æ‡•á‡§Ç? | ‡§Ü‡§ú ‡§π‡•ã‡§§‡•á ~‚Çπ14‚Äì15 ‡§≤‡§æ‡§ñ  | ‡§î‡§∞ ‡§¨‡•à‡§Ç‡§ï FD ‡§Æ‡•á‡§Ç? | ‡§¨‡§∏ ‚Çπ4‚Äì4.5 ‡§≤‡§æ‡§ñ  | Equity ‡§®‡•á FD ‡§ï‡•ã ‡§∞‡•å‡§Ç‡§¶ ‡§¶‡§ø‡§Ø‡§æ‚Ä¶ ‡§´‡§ø‡§∞ ‡§∏‡•á!,Long-term investing >> ‡§∏‡§¨ ‡§ï‡•Å‡§õ,#Nifty50 #SIP #InvestingIndia,141,,
Nifty Traders mindset,@the_traderl,16-11-2025 07:11,¬∑ | 18h | Join my telegram channel for free trades in nifty and sensex  | Telegram channel -  | t.me/tradersmindset | ‚Ä¶ |,#Nifty #Nifty50 #optionbuying,1,214,,
Turtle Trader,@TradingMantra2,16-11-2025 06:49,¬∑ | 18h | Strategy beats predictions every single time. |  | You don‚Äôt need to know where the market will go. |  | You only need a rule that tells you what you will do.,,#NIFTY50,93,,
NiftyNerve,@NiftyNerve,16-11-2025 06:03,"¬∑ | 19h | Want real-time market clarity instead of confusion? |  | On Nifty Nerve, I post support/resistance, intraday levels and live trade updates for traders who value structure and discipline. |  | Start learning & trading   | t.me/NiftyNerve |  | #Nifty #Sensex #Nifty50 #StockMarket | t.me",Nifty Nerve,Live Setups | Trade Plans | Market Structure  Pre & Post Market Analysis  Learning + Trade Psychology Insights ,415,"#Nifty, #Sensex, #Nifty50, #StockMarket",
Rupesh Kushwa,@KushwaRupe29121,16-11-2025 04:37,¬∑,21h,It's called consistency #tradingstrategy #Nifty50 #profitabletrader,98,,
NiftyNerve,@NiftyNerve,16-11-2025 03:06,¬∑ | 22h | Trading psychology + price action = smarter trades. |  | I share live market updates and analysis that help you understand why Nifty moves and how to trade with discipline. |  | Join now   | t.me/NiftyNerve |  | #Nifty #Sensex #Nifty50 #StockMarket #NiftyAnalysis #PriceAction #BankNifty | t.me,Nifty Nerve,Live Setups | Trade Plans | Market Structure  Pre & Post Market Analysis  Learning + Trade Psychology Insights ,396,"#Nifty, #Sensex, #Nifty50, #StockMarket, #NiftyAnalysis, #PriceAction, #BankNifty",
ROHITT,@NiveshMantr,16-11-2025 01:49,"¬∑ | 23h | #Nifty50 #StockMarketIndia | #YouTube | youtube.com | NIFTY50 Next Week View | Stock Market India Analysis | Psychological... | Nifty 50 analysis, nifty next week, stock market india analysis, nifty prediction, bank nifty analysis, stock market today, stock market next week, nifty tec...",2,1,429,"#Nifty50, #StockMarketIndia, #YouTube",
